{"cameraMode":{"drawMode":0,"name":"Shaded","section":"Shading Mode"},"sceneLighting":true,"audioPlay":false,"sceneViewState":{"m_AlwaysRefresh":false,"showFog":true,"showSkybox":true,"showFlares":true,"showImageEffects":true,"showParticleSystems":true,"showVisualEffectGraphs":true,"m_FxEnabled":true},"in2DMode":false,"pivot":{"x":178.052978515625,"y":78.50643920898438,"z":132.76641845703126},"rotation":{"x":0.22932976484298707,"y":0.14363600313663484,"z":-0.03423808887600899,"w":0.9620875716209412},"size":207.68812561035157,"orthographic":true}