{"cameraMode":{"drawMode":0,"name":"Shaded","section":"Shading Mode"},"sceneLighting":true,"audioPlay":false,"sceneViewState":{"m_AlwaysRefresh":false,"showFog":true,"showSkybox":true,"showFlares":true,"showImageEffects":true,"showParticleSystems":true,"showVisualEffectGraphs":true,"m_FxEnabled":true},"in2DMode":false,"pivot":{"x":122.62421417236328,"y":37.594024658203128,"z":436.78912353515627},"rotation":{"x":-0.045710813254117969,"y":-0.9241786599159241,"z":0.11706201732158661,"w":-0.3607586622238159},"size":2.6506471633911135,"orthographic":false}